M2615;YouTube Without Monetization;peie
M1376;Layer One vs. Layer Two | Part 1;!@S24
M2616;Valuable Skills;kity
M1377;Chill Guy Story üöÄ | Part 1;$C1Pa
M2617;Brand Designer;5t3u
M2618;Selling Customizable Tech Products;ctgi
M2619;Making Money with Cryptocurrency;m3ub
M2620;Taking Care of Pets;mipa
M2621;Speaking Different Languages;i4h8
M1378;From $26 to Billions | Part 1;9LHhD
M2622;Worst Trading Errors;park
M2623;Get More Customers;ky9b
M1379;Layer One vs. Layer Two | Part 2;%F3O7
M2624;Multiple Income Sources;pacv
M1380;Chill Guy Story | Part 2;8YRe2
M2625;Instagram Reels;minp
M2626;Affiliate Marketing;xemt
M2627;Best Jobs;l6i8
M2628;New Entrepreneurs;i22s
M2629;Time to Leave;clap
M1381;From $26 to Billions | Part 2;9LHhD
M2630;Profiting Big;—Énp7
M2631;Cash Machine;ekat
M1382;Layer One vs. Layer Two | Part 3;
M2632;Skills That You Need;amaz
M1383;Chill Guy Story | Part 3;
M2633;High-Paid Brand Designer;hufi
M2634;Built a Business;lite
M2635;From Virtual to Reality;yjin
M2636;3D Printing;73ns
M2637;Make $5,000 on YouTube;cups
M1384;üöÄ GOUT Meme Coin Surges 70%!;
M2638;Secret Skills;sinj
M2639;Freelance Brand Designer;—Årap
M1385;Layer One vs. Layer Two | Part 4;
M2640;From Idea to Income;matx
M1386;From $26 to Billions | Part 3;
M2641;Cryptocurrency Myths;ft66
M2642;Pet Sitting and Care;kibn
M2643;Language Skills;ikoo
M2644;Trading Pitfalls;6a7p
M2645;Boost Your Business;k3o5
M1387;üöÄ OKX Ventures Invests $5M in TON!;
M2646;Earning More;4er7
M2647;Viral Reels;89i4
M1388;Peanut the Squirrel‚Äôs Billion-Dollar Crypto | Part 1;
M2648;AI-Powered;on2a
M1389;From $26 to Billions | Part 4;
M2649;Top-Paying Careers;nfak
M2650;New Entrepreneurs Face;olta
M2651;Stuck in Your 9-to-5;tvap
M2652;Creating a Business Plan;aseu
M2653;Make THOUSANDS on YouTube;otpg
M1390;üö® El Salvador Grants Bitget a Bitcoin License!;
M2654;Learning 20 Years from Now;3e8n
M2655;Brand Identities;4b7o
M1391;Peanut the Squirrel‚Äôs Billion-Dollar Crypto | Part 2;
M2656;Tech Gadgets;gass
M1392;From $26 to Billions | Part 5;
M2657;Crypto Money-Making Myths;trap
M2658;Pet Care Business;veqy
M2659;Multilingual Abilities;i5n6
M2660;Avoiding These Trading Errors;maec
M2661;Zero Budget, Maximum Reach;2kd5
M1393;Shocking Crypto Theft by Fake Uber Driver!;
M2662;Juggle Multiple Income Streams;sosi
M2663;Create Viral Instagram Reels;etra
M1394;Peanut the Squirrel‚Äôs Billion-Dollar Crypto | Part 3;
M2664;Affiliate Marketing & AI;macd
M1395;From $26 to Billions | Part 6;
M2665;Professions That Pay Well;matk
M2666;Avoid Them Now;kavb
M2667;Signs That Tell You;imne
M2668;Make Your Startup Thrive;n8d8
M2669;Earn $5,000 on YouTube;irsa
M1396;Earn TONs Easily;
M2670;Crypto Myths;cbot
M2671;From Dog Walking to Grooming;redo
M1397;Top Crypto Billionaires Part 1;
M2672;Multiple Languages;i1e3
M1398;Top Crypto Billionaires Part 2;
M2673;Protect Your Investments;kisa
M2674;Increase Sales;ka9r
M2675;Passive Income;kall
M2676;VIRAL Instagram Reels;2o2r
M2677;Quit Your 9-to-5;sapw
M1399;üöÄ How to Create Your Own Meme Coin | Part 1;
M2678;AI Can Revolutionize;eqea
M2679;High-Income Jobs;gafi
M1400;Top Crypto Billionaires Part 3;
M2680;Create a Business Plan;9i3n
M1401;Top Crypto Billionaires Part 4;
M2681;Save Time and Money;k77e
M2682;Walk Away from Your 9-to-5 Job;kzgs
M2683;Master the Art of Business Planning;itgi
M2684;TikTok Shop Dropshipping;ahue
M2685;Productivity Hacks;mfpi
M1402;TapSwap Hot Update | Part 1;
M2686;Financial Traps;hmsy
M2687;Save Money;r4iw
M1403;What is Bitcoin? | Part 1;
M2688;Business Ideas;7sg9
M1404;What is Bitcoin? | Part 2;
M2689;Google Search;es8m
M2690;Small Business;ofv3
M2691;Online Portfolio;b5ah
M2692;Knew Before Turning 30;fv3e
M2693;Dropshipping with AI;kr32
M1405;üõ†Ô∏è Build a Meme Coin From Scratch | Part 2;
M2694;Best Affordable Franchises;m9sq